{"cameraMode":{"drawMode":0,"name":"Shaded","section":"Shading Mode"},"sceneLighting":true,"audioPlay":false,"sceneViewState":{"m_AlwaysRefresh":false,"showFog":true,"showSkybox":true,"showFlares":true,"showImageEffects":true,"showParticleSystems":true,"showVisualEffectGraphs":true,"m_FxEnabled":true},"in2DMode":false,"pivot":{"x":-0.49145984649658205,"y":4.3149027824401859,"z":3.5853562355041506},"rotation":{"x":-0.006618670653551817,"y":0.9297053813934326,"z":-0.016737565398216249,"w":-0.3678968846797943},"size":5.281649112701416,"orthographic":false}